{"stats":{"minecraft:picked_up":{"minecraft:wooden_axe":1,"exdeorum:gold_ore_chunk":5,"minecraft:wheat":9,"minecraft:azure_bluet":1,"exdeorum:dust":10,"minecraft:clay_ball":8,"exdeorum:iron_ore_chunk":16,"supplementaries:candle_holder_red":4,"exdeorum:oak_barrel":5,"exdeorum:blackstone_pebble":53,"minecraft:string":123,"exdeorum:string_mesh":8,"exdeorum:granite_pebble":54,"mysticalagriculture:inferium_essence":3,"minecraft:cobbled_deepslate":8,"exdeorum:zinc_ore_chunk":3,"minecraft:calcite":5,"minecraft:poppy":1,"minecraft:stick":25,"minecraft:raw_iron":3,"exdeorum:platinum_ore_chunk":2,"thermal:sadiroot_seeds":1,"exdeorum:tuff_pebble":49,"minecraft:pointed_dripstone":9,"minecraft:diorite":1,"exdeorum:silk_worm":4,"minecraft:rotten_flesh":5,"minecraft:decorated_pot":1,"exdeorum:diorite_pebble":108,"exdeorum:tin_ore_chunk":12,"everlastingabilities:ability_bottle":1,"exdeorum:andesite_pebble":50,"minecraft:glow_berries":1,"exdeorum:crushed_deepslate":41,"minecraft:cobblestone":10,"minecraft:stripped_oak_log":1,"exdeorum:osmium_ore_chunk":7,"minecraft:pink_petals":19,"exdeorum:basalt_pebble":76,"minecraft:flint":22,"minecraft:tuff":4,"minecraft:oak_log":41,"minecraft:chainmail_chestplate":1,"exdeorum:nickel_ore_chunk":9,"minecraft:lapis_lazuli":5,"minecraft:dirt":26,"minecraft:bone":1,"minecraft:apple":2,"minecraft:bow":1,"minecraft:wheat_seeds":26,"exdeorum:oak_sieve":1,"exdeorum:stone_pebble":323,"minecraft:oak_planks":29,"absentbydesign:slab_calcite":5,"thermal:bell_pepper_seeds":1,"exdeorum:deepslate_pebble":131,"exdeorum:lead_ore_chunk":7,"minecraft:gravel":131,"exdeorum:flint_mesh":3,"minecraft:sand":7,"minecraft:amethyst_shard":6,"forcecraft:recovery_heart":1,"exdeorum:silver_ore_chunk":5,"minecraft:spider_eye":1,"forbidden_arcanus:ender_pearl_fragment":3,"minecraft:clay":6,"exdeorum:aluminum_ore_chunk":5,"exdeorum:calcite_pebble":41,"minecraft:iron_helmet":1,"exdeorum:uranium_ore_chunk":2,"exdeorum:copper_ore_chunk":20,"minecraft:oak_sapling":29,"minecraft:coal":10,"minecraft:oak_leaves":23},"minecraft:killed":{"minecraft:spider":4,"minecraft:skeleton":1,"minecraft:husk":1,"minecraft:zombie":3,"minecraft:enderman":2},"minecraft:crafted":{"minecraft:oak_planks":35,"minecraft:cobbled_deepslate":37,"minecraft:furnace":1,"absentbydesign:slab_calcite":6,"exdeorum:unfired_porcelain_crucible":1,"allthecompressed:cobblestone_1x":7,"allthecompressed:cobbled_deepslate_1x":1,"minecraft:granite":15,"minecraft:basalt":12,"exdeorum:string_mesh":11,"minecraft:stone_pickaxe":1,"allthecompressed:diorite_1x":1,"minecraft:chest":1,"exdeorum:stone_hammer":11,"exdeorum:porcelain_crucible":1,"minecraft:tuff":4,"minecraft:oak_slab":12,"exdeorum:oak_barrel":8,"minecraft:crafting_table":1,"minecraft:calcite":9,"pickletweaks:flint_shears":1,"exdeorum:compressed_stone_hammer":1,"minecraft:bucket":1,"minecraft:stone_axe":1,"minecraft:diorite":15,"minecraft:air":561,"exdeorum:crook":3,"exdeorum:oak_crucible":1,"exdeorum:porcelain_clay_ball":8,"minecraft:cobblestone":126,"exdeorum:flint_mesh":5,"minecraft:stick":9,"minecraft:iron_ingot":3,"minecraft:blackstone":7,"minecraft:stone_sword":1,"minecraft:iron_ore":3,"exdeorum:oak_sieve":11,"minecraft:andesite":20},"minecraft:mined":{"minecraft:tuff":4,"minecraft:oak_sapling":6,"minecraft:granite":15,"minecraft:grass_block":9,"ars_elemental:spore_blossom_up":1,"allthecompressed:diorite_1x":1,"minecraft:iron_ore":3,"minecraft:cobbled_deepslate":36,"minecraft:andesite":14,"minecraft:azure_bluet":1,"exdeorum:oak_sieve":1,"supplementaries:candle_holder_red":1,"minecraft:stone":1,"minecraft:oak_slab":1,"absentbydesign:slab_calcite":5,"exdeorum:infested_leaves":221,"allthecompressed:cobbled_deepslate_1x":1,"minecraft:clay":2,"minecraft:calcite":7,"minecraft:cobblestone":38,"minecraft:oak_planks":3,"minecraft:diorite":3,"minecraft:pink_petals":12,"minecraft:wheat":10,"exdeorum:dust":2,"minecraft:grass":6,"minecraft:oak_log":4,"exdeorum:oak_barrel":5,"minecraft:gravel":7,"minecraft:sand":7,"minecraft:dirt":2,"allthecompressed:cobblestone_1x":7,"minecraft:oak_leaves":210},"minecraft:killed_by":{"minecraft:creeper":1},"minecraft:used":{"minecraft:stone_sword":57,"minecraft:chest":1,"exdeorum:crook":384,"allthecompressed:cobblestone_1x":7,"minecraft:dirt":23,"minecraft:tuff":4,"exdeorum:silk_worm":1,"minecraft:granite":15,"minecraft:wooden_axe":18,"minecraft:lava_bucket":1,"exdeorum:crushed_deepslate":33,"exdeorum:porcelain_crucible":1,"allthecompressed:diorite_1x":1,"exdeorum:stone_hammer":101,"minecraft:oak_sapling":10,"minecraft:furnace":1,"tombstone:gift":2,"minecraft:cooked_beef":2,"minecraft:cobbled_deepslate":36,"exdeorum:oak_sieve":12,"minecraft:calcite":11,"minecraft:wheat_seeds":9,"minecraft:water_bucket":3,"minecraft:diorite":5,"minecraft:iron_ore":3,"minecraft:stone_pickaxe":43,"minecraft:oak_planks":8,"minecraft:clay":2,"minecraft:oak_leaves":11,"minecraft:sand":7,"minecraft:oak_slab":36,"minecraft:crafting_table":1,"exdeorum:dust":3,"minecraft:wooden_hoe":3,"exdeorum:oak_barrel":13,"minecraft:bread":3,"minecraft:gravel":135,"absentbydesign:slab_calcite":10,"minecraft:stone_axe":12,"minecraft:pink_petals":1,"allthecompressed:cobbled_deepslate_1x":1,"minecraft:wooden_sword":58,"exdeorum:oak_crucible":1,"minecraft:cobblestone":37,"minecraft:bucket":2,"minecraft:andesite":14,"exdeorum:compressed_stone_hammer":9},"minecraft:dropped":{"exdeorum:basalt_pebble":19,"minecraft:wheat_seeds":17,"minecraft:cooked_beef":10,"exdeorum:deepslate_pebble":17,"minecraft:glow_berries":1,"minecraft:flint":1,"minecraft:dirt":3,"minecraft:wooden_axe":2,"exdeorum:tuff_pebble":12,"exdeorum:granite_pebble":4,"minecraft:sand":4,"minecraft:string":14,"minecraft:pink_petals":10,"exdeorum:stone_pebble":15,"minecraft:tuff":4,"minecraft:pointed_dripstone":9,"minecraft:oak_planks":2,"minecraft:stripped_oak_log":1,"minecraft:azure_bluet":1,"thermal:sadiroot_seeds":1,"minecraft:poppy":1,"exdeorum:crushed_deepslate":4,"minecraft:oak_sapling":4,"exdeorum:diorite_pebble":81,"thermal:bell_pepper_seeds":1,"exdeorum:andesite_pebble":7,"exdeorum:blackstone_pebble":3,"minecraft:egg":1},"minecraft:broken":{"exdeorum:crook":3},"minecraft:custom":{"minecraft:mob_kills":12,"minecraft:animals_bred":2,"minecraft:interact_with_crafting_table":63,"minecraft:open_barrel":11,"minecraft:damage_dealt_resisted":0,"minecraft:leave_game":3,"minecraft:time_since_death":73684,"minecraft:climb_one_cm":1324,"minecraft:sprint_one_cm":94250,"minecraft:walk_one_cm":288842,"minecraft:drop":135,"minecraft:talked_to_villager":1,"minecraft:play_time":116505,"minecraft:deaths":3,"minecraft:sneak_time":8310,"minecraft:jump":1166,"minecraft:walk_on_water_one_cm":2123,"minecraft:total_world_time":116505,"minecraft:interact_with_furnace":5,"minecraft:sleep_in_bed":2,"minecraft:time_since_rest":8357,"minecraft:damage_taken":1161,"minecraft:damage_dealt":4427,"minecraft:fly_one_cm":175503,"minecraft:open_chest":79,"minecraft:crouch_one_cm":24030,"tombstone:undead_killed":5,"minecraft:fall_one_cm":92252,"minecraft:horse_one_cm":312}},"DataVersion":3465}