{"stats":{"minecraft:picked_up":{"minecraft:wooden_axe":2,"minecraft:pink_petals":1,"apotheosis:gem":1,"minecraft:cooked_beef":10,"minecraft:wheat":1,"minecraft:oak_log":100,"minecraft:white_bed":7,"forcecraft:recovery_heart":2,"exdeorum:blackstone_pebble":30,"minecraft:dirt":34,"minecraft:spider_eye":3,"minecraft:string":5,"exdeorum:granite_pebble":38,"minecraft:bone":1,"minecraft:rotten_flesh":1,"minecraft:apple":2,"exdeorum:diorite_pebble":47,"minecraft:bow":1,"exdeorum:stone_pebble":194,"minecraft:wheat_seeds":4,"exdeorum:copper_ore_chunk":1,"forcecraft:pile_of_gunpowder":2,"exdeorum:andesite_pebble":41,"exdeorum:deepslate_pebble":41,"exdeorum:basalt_pebble":38,"reliquary:mob_charm_fragment":1,"minecraft:oak_sapling":46,"minecraft:stripped_oak_log":1,"minecraft:cobblestone":2,"minecraft:oak_planks":1,"minecraft:stick":3,"minecraft:egg":2,"minecraft:oak_slab":5},"minecraft:killed":{"forcecraft:creeper_tot":1,"minecraft:creeper":1,"minecraft:skeleton":1},"minecraft:crafted":{"minecraft:oak_slab":46,"minecraft:oak_planks":71,"minecraft:air":544},"minecraft:mined":{"minecraft:pink_petals":1,"minecraft:oak_slab":7,"minecraft:white_bed":7,"minecraft:grass":1,"minecraft:grass_block":29,"minecraft:oak_log":61,"minecraft:dirt":11,"minecraft:stripped_oak_log":1,"minecraft:oak_planks":1,"minecraft:oak_leaves":23},"minecraft:killed_by":{"minecraft:spider":1},"minecraft:dropped":{"minecraft:oak_slab":1,"minecraft:wooden_axe":1,"exdeorum:copper_ore_chunk":1,"minecraft:spider_eye":2,"minecraft:oak_planks":24,"exdeorum:stone_pebble":2},"minecraft:used":{"minecraft:oak_log":1,"minecraft:wheat_seeds":1,"minecraft:dirt":31,"minecraft:oak_slab":252,"minecraft:oak_sapling":37,"minecraft:white_bed":7,"minecraft:cooked_beef":6,"minecraft:wooden_axe":109},"minecraft:custom":{"minecraft:time_since_rest":49302,"minecraft:sprint_one_cm":115111,"minecraft:damage_absorbed":15,"minecraft:damage_taken":12970,"minecraft:walk_one_cm":151727,"minecraft:mob_kills":3,"minecraft:drop":31,"minecraft:damage_dealt":885,"minecraft:talked_to_villager":3,"minecraft:interact_with_crafting_table":5,"minecraft:fly_one_cm":37412,"minecraft:open_barrel":4,"minecraft:open_chest":2,"minecraft:crouch_one_cm":24385,"minecraft:play_time":105330,"tombstone:undead_killed":1,"minecraft:deaths":2,"minecraft:walk_under_water_one_cm":1095,"minecraft:sneak_time":11926,"minecraft:jump":249,"minecraft:damage_dealt_resisted":0,"minecraft:leave_game":1,"minecraft:walk_on_water_one_cm":591,"minecraft:time_since_death":94537,"minecraft:sleep_in_bed":2,"minecraft:total_world_time":105330,"minecraft:climb_one_cm":1243,"minecraft:fall_one_cm":161259}},"DataVersion":3465}